"No.","Time","Source","Destination","Protocol","Length","Time to Live","Source Port","Destination Port","Info"
"1","0.000000","192.168.88.1","192.168.88.128","TCP","66","128","33609","3389","33609  >  3389 [SYN] Seq=0 Win=64240 Len=0 MSS=1460 WS=256 SACK_PERM=1"
"2","0.000231","192.168.88.128","192.168.88.1","TCP","66","128","3389","33609","3389  >  33609 [SYN, ACK] Seq=0 Ack=1 Win=8192 Len=0 MSS=1460 WS=256 SACK_PERM=1"
"3","0.000334","192.168.88.1","192.168.88.128","TCP","54","128","33609","3389","33609  >  3389 [ACK] Seq=1 Ack=1 Win=1051136 Len=0"
"4","0.001107","192.168.88.1","192.168.88.128","TLSv1","96","128","33609","3389","Ignored Unknown Record"
"5","0.003528","192.168.88.128","192.168.88.1","TCP","54","128","3389","33609","3389  >  33609 [ACK] Seq=1 Ack=43 Win=65536 Len=0"
"6","0.003584","192.168.88.128","192.168.88.1","TLSv1","73","128","3389","33609","Ignored Unknown Record"
"7","0.056525","192.168.88.1","192.168.88.128","TCP","54","128","33609","3389","33609  >  3389 [ACK] Seq=43 Ack=20 Win=1051136 Len=0"
"8","7.858356","192.168.88.1","192.168.88.128","TLSv1","239","128","33609","3389","Client Hello"
"9","7.859178","192.168.88.128","192.168.88.1","TLSv1","896","128","3389","33609","Server Hello, Certificate, Server Hello Done"
"10","7.859985","192.168.88.1","192.168.88.128","TLSv1","380","128","33609","3389","Client Key Exchange, Change Cipher Spec, Finished"
"11","7.862055","192.168.88.128","192.168.88.1","TLSv1","113","128","3389","33609","Change Cipher Spec, Finished"
"12","7.884734","192.168.88.1","192.168.88.128","TPKT","139","128","33609","3389","Continuation"
"13","7.885337","192.168.88.128","192.168.88.1","TPKT","347","128","3389","33609","Continuation"
"14","7.886275","192.168.88.1","192.168.88.128","TCP","54","128","33609","3389","33609  >  3389 [RST, ACK] Seq=639 Ack=1214 Win=0 Len=0"
"15","7.888924","192.168.88.1","192.168.88.128","TCP","66","128","33610","3389","33610  >  3389 [SYN] Seq=0 Win=64240 Len=0 MSS=1460 WS=256 SACK_PERM=1"
"16","7.889072","192.168.88.128","192.168.88.1","TCP","66","128","3389","33610","3389  >  33610 [SYN, ACK] Seq=0 Ack=1 Win=8192 Len=0 MSS=1460 WS=256 SACK_PERM=1"
"17","7.889159","192.168.88.1","192.168.88.128","TCP","54","128","33610","3389","33610  >  3389 [ACK] Seq=1 Ack=1 Win=1051136 Len=0"
"18","7.889638","192.168.88.1","192.168.88.128","TLSv1","96","128","33610","3389","Ignored Unknown Record"
"19","7.892598","192.168.88.128","192.168.88.1","TCP","54","128","3389","33610","3389  >  33610 [ACK] Seq=1 Ack=43 Win=65536 Len=0"
"20","7.892750","192.168.88.128","192.168.88.1","TLSv1","73","128","3389","33610","Ignored Unknown Record"
"21","7.893741","192.168.88.1","192.168.88.128","TLSv1","207","128","33610","3389","Client Hello"
"22","7.894078","192.168.88.128","192.168.88.1","TLSv1","896","128","3389","33610","Server Hello, Certificate, Server Hello Done"
"23","7.894464","192.168.88.1","192.168.88.128","TLSv1","380","128","33610","3389","Client Key Exchange, Change Cipher Spec, Finished"
"24","7.896183","192.168.88.128","192.168.88.1","TLSv1","113","128","3389","33610","Change Cipher Spec, Finished"
"25","7.896823","192.168.88.1","192.168.88.128","TCP","54","128","33610","3389","33610  >  3389 [RST, ACK] Seq=522 Ack=921 Win=0 Len=0"
"26","11.966136","192.168.88.1","192.168.88.128","TCP","66","128","33611","3389","33611  >  3389 [SYN] Seq=0 Win=64240 Len=0 MSS=1460 WS=256 SACK_PERM=1"
"27","11.967493","192.168.88.128","192.168.88.1","TCP","66","128","3389","33611","3389  >  33611 [SYN, ACK] Seq=0 Ack=1 Win=8192 Len=0 MSS=1460 WS=256 SACK_PERM=1"
"28","11.967920","192.168.88.1","192.168.88.128","TCP","54","128","33611","3389","33611  >  3389 [ACK] Seq=1 Ack=1 Win=131328 Len=0"
"29","11.968678","192.168.88.1","192.168.88.128","TLSv1","96","128","33611","3389","Ignored Unknown Record"
"30","11.972495","192.168.88.128","192.168.88.1","TCP","54","128","3389","33611","3389  >  33611 [ACK] Seq=1 Ack=43 Win=65536 Len=0"
"31","11.972612","192.168.88.128","192.168.88.1","TLSv1","73","128","3389","33611","Ignored Unknown Record"
"32","11.973611","192.168.88.1","192.168.88.128","TLSv1","207","128","33611","3389","Client Hello"
"33","11.975421","192.168.88.128","192.168.88.1","TLSv1","896","128","3389","33611","Server Hello, Certificate, Server Hello Done"
"34","11.975859","192.168.88.1","192.168.88.128","TLSv1","380","128","33611","3389","Client Key Exchange, Change Cipher Spec, Finished"
"35","11.977681","192.168.88.128","192.168.88.1","TLSv1","113","128","3389","33611","Change Cipher Spec, Finished"
"36","11.978032","192.168.88.1","192.168.88.128","RDP","555","128","33611","3389","ClientData"
"37","11.978499","192.168.88.128","192.168.88.1","RDP","203","128","3389","33611","ServerData Encryption: None (None)"
"38","11.978701","192.168.88.1","192.168.88.128","T.125","107","128","33611","3389","erectDomainRequest "
"39","11.978735","192.168.88.1","192.168.88.128","T.125","91","128","33611","3389","attachUserRequest "
"40","11.978804","192.168.88.128","192.168.88.1","TCP","54","128","3389","33611","3389  >  33611 [ACK] Seq=1070 Ack=1113 Win=64512 Len=0"
"41","11.978874","192.168.88.128","192.168.88.1","T.125","91","128","3389","33611","attachUserConfirm "
"42","11.978989","192.168.88.1","192.168.88.128","T.125","107","128","33611","3389","channelJoinRequest 1008"
"43","11.979114","192.168.88.128","192.168.88.1","T.125","107","128","3389","33611","channelJoinConfirm 1008"
"44","11.979457","192.168.88.1","192.168.88.128","T.125","107","128","33611","3389","channelJoinRequest 1003"
"45","11.979601","192.168.88.128","192.168.88.1","T.125","107","128","3389","33611","channelJoinConfirm 1003"
"46","11.979713","192.168.88.1","192.168.88.128","T.125","107","128","33611","3389","channelJoinRequest 1004"
"47","11.979793","192.168.88.128","192.168.88.1","T.125","107","128","3389","33611","channelJoinConfirm 1004"
"48","11.979895","192.168.88.1","192.168.88.128","T.125","107","128","33611","3389","channelJoinRequest 1005"
"49","11.979980","192.168.88.128","192.168.88.1","T.125","107","128","3389","33611","channelJoinConfirm 1005"
"50","11.980227","192.168.88.1","192.168.88.128","T.125","107","128","33611","3389","channelJoinRequest 1006"
"51","11.980313","192.168.88.128","192.168.88.1","T.125","107","128","3389","33611","channelJoinConfirm 1006"
"52","11.980416","192.168.88.1","192.168.88.128","T.125","107","128","33611","3389","channelJoinRequest 1007"
"53","11.980496","192.168.88.128","192.168.88.1","T.125","107","128","3389","33611","channelJoinConfirm 1007"
"54","12.028049","192.168.88.1","192.168.88.128","TCP","54","128","33611","3389","33611  >  3389 [ACK] Seq=1431 Ack=1425 Win=129792 Len=0"
"55","12.047896","192.168.88.1","192.168.88.128","RDP","427","128","33611","3389","ClientInfo"
"56","12.049394","192.168.88.128","192.168.88.1","RDP","123","128","3389","33611","Error Alert"
"57","12.074464","192.168.88.128","192.168.88.1","RDP","523","128","3389","33611","Demand Active PDU"
"58","12.075288","192.168.88.1","192.168.88.128","TCP","54","128","33611","3389","33611  >  3389 [ACK] Seq=1804 Ack=1963 Win=131328 Len=0"
"59","12.079593","192.168.88.1","192.168.88.128","RDP","699","128","33611","3389","Confirm Active PDU"
"60","12.079632","192.168.88.1","192.168.88.128","RDP","123","128","33611","3389","RDP PDU Type: Synchronize"
"61","12.079653","192.168.88.1","192.168.88.128","RDP","123","128","33611","3389","RDP PDU Type: Control, Action: Cooperate"
"62","12.079668","192.168.88.1","192.168.88.128","RDP","123","128","33611","3389","RDP PDU Type: Control, Action: Request control"
"63","12.079862","192.168.88.128","192.168.88.1","TCP","54","128","3389","33611","3389  >  33611 [ACK] Seq=1963 Ack=2656 Win=64768 Len=0"
"64","12.079957","192.168.88.128","192.168.88.1","RDP","123","128","3389","33611","RDP PDU Type: Synchronize"
"65","12.080009","192.168.88.128","192.168.88.1","RDP","123","128","3389","33611","RDP PDU Type: Control, Action: Cooperate"
"66","12.080049","192.168.88.128","192.168.88.1","RDP","123","128","3389","33611","RDP PDU Type: Control, Action: Granted control"
"67","12.080135","192.168.88.1","192.168.88.128","TCP","54","128","33611","3389","33611  >  3389 [ACK] Seq=2656 Ack=2170 Win=131072 Len=0"
"68","12.080310","192.168.88.1","192.168.88.128","RDP","139","128","33611","3389","RDP PDU Type: BitmapCache Persistent List"
"69","12.080344","192.168.88.1","192.168.88.128","RDP","123","128","33611","3389","RDP PDU Type: FontList"
"70","12.080400","192.168.88.128","192.168.88.1","TCP","54","128","3389","33611","3389  >  33611 [ACK] Seq=2170 Ack=2810 Win=64512 Len=0"
"71","12.080452","192.168.88.128","192.168.88.1","RDP","123","128","3389","33611","RDP PDU Type: FontMap"
"72","12.095435","192.168.88.1","192.168.88.128","TPKT","91","128","33611","3389","Continuation"
"73","12.095528","192.168.88.1","192.168.88.128","TPKT","123","128","33611","3389","Continuation"
"74","12.095662","192.168.88.128","192.168.88.1","TCP","54","128","3389","33611","3389  >  33611 [ACK] Seq=2239 Ack=2916 Win=64512 Len=0"
"75","12.120561","192.168.88.128","192.168.88.1","TCP","1514","128","3389","33611","3389  >  33611 [ACK] Seq=2239 Ack=2916 Win=64512 Len=1460 [TCP segment of a reassembled PDU]"
"76","12.120576","192.168.88.128","192.168.88.1","TPKT","631","128","3389","33611","Continuation"
"77","12.120691","192.168.88.1","192.168.88.128","TCP","54","128","33611","3389","33611  >  3389 [ACK] Seq=2916 Ack=4276 Win=131328 Len=0"
"78","12.120796","192.168.88.128","192.168.88.1","TPKT","107","128","3389","33611","Continuation"
"79","12.121156","192.168.88.128","192.168.88.1","TPKT","91","128","3389","33611","Continuation"
"80","12.121199","192.168.88.1","192.168.88.128","TCP","54","128","33611","3389","33611  >  3389 [ACK] Seq=2916 Ack=4366 Win=131072 Len=0"
"81","12.124756","192.168.88.1","192.168.88.128","TPKT","107","128","33611","3389","Continuation"
"82","12.144391","192.168.88.128","192.168.88.1","TCP","1514","128","3389","33611","3389  >  33611 [ACK] Seq=4366 Ack=2969 Win=64512 Len=1460 [TCP segment of a reassembled PDU]"
"83","12.144405","192.168.88.128","192.168.88.1","TCP","1514","128","3389","33611","3389  >  33611 [ACK] Seq=5826 Ack=2969 Win=64512 Len=1460 [TCP segment of a reassembled PDU]"
"84","12.144411","192.168.88.128","192.168.88.1","TCP","1514","128","3389","33611","3389  >  33611 [ACK] Seq=7286 Ack=2969 Win=64512 Len=1460 [TCP segment of a reassembled PDU]"
"85","12.144418","192.168.88.128","192.168.88.1","TCP","1514","128","3389","33611","3389  >  33611 [ACK] Seq=8746 Ack=2969 Win=64512 Len=1460 [TCP segment of a reassembled PDU]"
"86","12.144533","192.168.88.128","192.168.88.1","TPKT","1131","128","3389","33611","Continuation"
"87","12.145228","192.168.88.1","192.168.88.128","TCP","54","128","33611","3389","33611  >  3389 [ACK] Seq=2969 Ack=11283 Win=131328 Len=0"
"88","12.151538","192.168.88.128","192.168.88.1","TPKT","155","128","3389","33611","Continuation"
"89","12.152209","192.168.88.1","192.168.88.128","TCP","54","128","33611","3389","33611  >  3389 [ACK] Seq=2969 Ack=11384 Win=131072 Len=0"
"90","12.156628","192.168.88.128","192.168.88.1","TCP","1514","128","3389","33611","3389  >  33611 [ACK] Seq=11384 Ack=2969 Win=64512 Len=1460 [TCP segment of a reassembled PDU]"
"91","12.156641","192.168.88.128","192.168.88.1","TPKT","391","128","3389","33611","Continuation"
"92","12.157110","192.168.88.1","192.168.88.128","TCP","54","128","33611","3389","33611  >  3389 [ACK] Seq=2969 Ack=13181 Win=131328 Len=0"
"93","12.169375","192.168.88.128","192.168.88.1","TPKT","507","128","3389","33611","Continuation"
"94","12.200994","192.168.88.128","192.168.88.1","TPKT","91","128","3389","33611","Continuation"
"95","12.201155","192.168.88.128","192.168.88.1","TCP","1514","128","3389","33611","3389  >  33611 [ACK] Seq=13671 Ack=2969 Win=64512 Len=1460 [TCP segment of a reassembled PDU]"
"96","12.201162","192.168.88.128","192.168.88.1","TPKT","119","128","3389","33611","Continuation"
"97","12.202949","192.168.88.1","192.168.88.128","TCP","54","128","33611","3389","33611  >  3389 [ACK] Seq=2969 Ack=15196 Win=131328 Len=0"
"98","12.207726","192.168.88.128","192.168.88.1","TPKT","91","128","3389","33611","Continuation"
"99","12.207885","192.168.88.128","192.168.88.1","TPKT","139","128","3389","33611","Continuation"
"100","12.207922","192.168.88.1","192.168.88.128","TCP","54","128","33611","3389","33611  >  3389 [ACK] Seq=2969 Ack=15318 Win=131072 Len=0"
"101","12.207978","192.168.88.128","192.168.88.1","TPKT","107","128","3389","33611","Continuation"
"102","12.208050","192.168.88.128","192.168.88.1","TPKT","107","128","3389","33611","Continuation"
"103","12.208105","192.168.88.128","192.168.88.1","TPKT","107","128","3389","33611","Continuation"
"104","12.208547","192.168.88.128","192.168.88.1","TPKT","107","128","3389","33611","Continuation"
"105","12.208611","192.168.88.128","192.168.88.1","TPKT","107","128","3389","33611","Continuation"
"106","12.210877","192.168.88.1","192.168.88.128","TCP","54","128","33611","3389","33611  >  3389 [ACK] Seq=2969 Ack=15583 Win=130816 Len=0"
"107","12.211299","192.168.88.128","192.168.88.1","TPKT","107","128","3389","33611","Continuation"
"108","12.211369","192.168.88.128","192.168.88.1","TPKT","107","128","3389","33611","Continuation"
"109","12.211426","192.168.88.128","192.168.88.1","TPKT","107","128","3389","33611","Continuation"
"110","12.211483","192.168.88.128","192.168.88.1","TPKT","107","128","3389","33611","Continuation"
"111","12.211737","192.168.88.128","192.168.88.1","TPKT","107","128","3389","33611","Continuation"
"112","12.214173","192.168.88.1","192.168.88.128","TCP","54","128","33611","3389","33611  >  3389 [ACK] Seq=2969 Ack=15848 Win=130560 Len=0"
"113","12.214251","192.168.88.128","192.168.88.1","TPKT","107","128","3389","33611","Continuation"
"114","12.214315","192.168.88.128","192.168.88.1","TPKT","107","128","3389","33611","Continuation"
"115","12.214372","192.168.88.128","192.168.88.1","TPKT","107","128","3389","33611","Continuation"
"116","12.214427","192.168.88.128","192.168.88.1","TPKT","107","128","3389","33611","Continuation"
"117","12.214482","192.168.88.128","192.168.88.1","TPKT","107","128","3389","33611","Continuation"
"118","12.214553","192.168.88.1","192.168.88.128","TCP","54","128","33611","3389","33611  >  3389 [ACK] Seq=2969 Ack=16113 Win=130304 Len=0"
"119","12.214624","192.168.88.128","192.168.88.1","TPKT","107","128","3389","33611","Continuation"
"120","12.214689","192.168.88.128","192.168.88.1","TPKT","107","128","3389","33611","Continuation"
"121","12.214746","192.168.88.128","192.168.88.1","TPKT","107","128","3389","33611","Continuation"
"122","12.214802","192.168.88.128","192.168.88.1","TPKT","107","128","3389","33611","Continuation"
"123","12.214857","192.168.88.128","192.168.88.1","TPKT","107","128","3389","33611","Continuation"
"124","12.214932","192.168.88.1","192.168.88.128","TCP","54","128","33611","3389","33611  >  3389 [ACK] Seq=2969 Ack=16378 Win=130048 Len=0"
"125","12.214995","192.168.88.128","192.168.88.1","TPKT","107","128","3389","33611","Continuation"
"126","12.215055","192.168.88.128","192.168.88.1","TPKT","107","128","3389","33611","Continuation"
"127","12.215110","192.168.88.128","192.168.88.1","TPKT","107","128","3389","33611","Continuation"
"128","12.215156","192.168.88.1","192.168.88.128","TCP","54","128","33611","3389","33611  >  3389 [ACK] Seq=2969 Ack=16537 Win=130048 Len=0"
"129","12.215220","192.168.88.128","192.168.88.1","TPKT","107","128","3389","33611","Continuation"
"130","12.215277","192.168.88.128","192.168.88.1","TPKT","107","128","3389","33611","Continuation"
"131","12.215333","192.168.88.128","192.168.88.1","TPKT","107","128","3389","33611","Continuation"
"132","12.215388","192.168.88.128","192.168.88.1","TPKT","107","128","3389","33611","Continuation"
"133","12.215442","192.168.88.128","192.168.88.1","TPKT","107","128","3389","33611","Continuation"
"134","12.215510","192.168.88.1","192.168.88.128","TCP","54","128","33611","3389","33611  >  3389 [ACK] Seq=2969 Ack=16802 Win=131328 Len=0"
"135","12.215572","192.168.88.128","192.168.88.1","TPKT","107","128","3389","33611","Continuation"
"136","12.215630","192.168.88.128","192.168.88.1","TPKT","107","128","3389","33611","Continuation"
"137","12.215686","192.168.88.128","192.168.88.1","TPKT","107","128","3389","33611","Continuation"
"138","12.215741","192.168.88.128","192.168.88.1","TPKT","107","128","3389","33611","Continuation"
"139","12.215795","192.168.88.128","192.168.88.1","TPKT","107","128","3389","33611","Continuation"
"140","12.215862","192.168.88.1","192.168.88.128","TCP","54","128","33611","3389","33611  >  3389 [ACK] Seq=2969 Ack=17067 Win=131072 Len=0"
"141","12.215924","192.168.88.128","192.168.88.1","TPKT","107","128","3389","33611","Continuation"
"142","12.215982","192.168.88.128","192.168.88.1","TPKT","107","128","3389","33611","Continuation"
"143","12.216037","192.168.88.128","192.168.88.1","TPKT","107","128","3389","33611","Continuation"
"144","12.216118","192.168.88.128","192.168.88.1","TPKT","107","128","3389","33611","Continuation"
"145","12.216160","192.168.88.1","192.168.88.128","TCP","54","128","33611","3389","33611  >  3389 [ACK] Seq=2969 Ack=17279 Win=130816 Len=0"
"146","12.216228","192.168.88.128","192.168.88.1","TPKT","107","128","3389","33611","Continuation"
"147","12.216285","192.168.88.128","192.168.88.1","TPKT","107","128","3389","33611","Continuation"
"148","12.216340","192.168.88.128","192.168.88.1","TPKT","107","128","3389","33611","Continuation"
"149","12.216394","192.168.88.128","192.168.88.1","TPKT","107","128","3389","33611","Continuation"
"150","12.216449","192.168.88.128","192.168.88.1","TPKT","107","128","3389","33611","Continuation"
"151","12.216514","192.168.88.1","192.168.88.128","TCP","54","128","33611","3389","33611  >  3389 [ACK] Seq=2969 Ack=17544 Win=130560 Len=0"
"152","12.216573","192.168.88.128","192.168.88.1","TPKT","107","128","3389","33611","Continuation"
"153","12.216632","192.168.88.128","192.168.88.1","TPKT","107","128","3389","33611","Continuation"
"154","12.216686","192.168.88.128","192.168.88.1","TPKT","107","128","3389","33611","Continuation"
"155","12.216741","192.168.88.128","192.168.88.1","TPKT","107","128","3389","33611","Continuation"
"156","12.216795","192.168.88.128","192.168.88.1","TPKT","107","128","3389","33611","Continuation"
"157","12.216864","192.168.88.1","192.168.88.128","TCP","54","128","33611","3389","33611  >  3389 [ACK] Seq=2969 Ack=17809 Win=130304 Len=0"
"158","12.216930","192.168.88.128","192.168.88.1","TPKT","107","128","3389","33611","Continuation"
"159","12.216989","192.168.88.128","192.168.88.1","TPKT","107","128","3389","33611","Continuation"
"160","12.217044","192.168.88.128","192.168.88.1","TPKT","107","128","3389","33611","Continuation"
"161","12.217098","192.168.88.128","192.168.88.1","TPKT","107","128","3389","33611","Continuation"
"162","12.217162","192.168.88.1","192.168.88.128","TCP","54","128","33611","3389","33611  >  3389 [ACK] Seq=2969 Ack=18021 Win=130048 Len=0"
"163","12.217228","192.168.88.128","192.168.88.1","TPKT","107","128","3389","33611","Continuation"
"164","12.217288","192.168.88.128","192.168.88.1","TPKT","107","128","3389","33611","Continuation"
"165","12.217344","192.168.88.128","192.168.88.1","TPKT","107","128","3389","33611","Continuation"
"166","12.217400","192.168.88.128","192.168.88.1","TPKT","107","128","3389","33611","Continuation"
"167","12.217455","192.168.88.128","192.168.88.1","TPKT","107","128","3389","33611","Continuation"
"168","12.217523","192.168.88.1","192.168.88.128","TCP","54","128","33611","3389","33611  >  3389 [ACK] Seq=2969 Ack=18286 Win=131328 Len=0"
"169","12.217584","192.168.88.128","192.168.88.1","TPKT","107","128","3389","33611","Continuation"
"170","12.217643","192.168.88.128","192.168.88.1","TPKT","107","128","3389","33611","Continuation"
"171","12.217719","192.168.88.128","192.168.88.1","TPKT","107","128","3389","33611","Continuation"
"172","12.217776","192.168.88.128","192.168.88.1","TPKT","107","128","3389","33611","Continuation"
"173","12.217830","192.168.88.128","192.168.88.1","TPKT","107","128","3389","33611","Continuation"
"174","12.217898","192.168.88.1","192.168.88.128","TCP","54","128","33611","3389","33611  >  3389 [ACK] Seq=2969 Ack=18551 Win=131072 Len=0"
"175","12.217957","192.168.88.128","192.168.88.1","TPKT","107","128","3389","33611","Continuation"
"176","12.218016","192.168.88.128","192.168.88.1","TPKT","107","128","3389","33611","Continuation"
"177","12.218071","192.168.88.128","192.168.88.1","TPKT","107","128","3389","33611","Continuation"
"178","12.218127","192.168.88.128","192.168.88.1","TPKT","107","128","3389","33611","Continuation"
"179","12.218162","192.168.88.1","192.168.88.128","TCP","54","128","33611","3389","33611  >  3389 [ACK] Seq=2969 Ack=18763 Win=130816 Len=0"
"180","12.218235","192.168.88.128","192.168.88.1","TPKT","107","128","3389","33611","Continuation"
"181","12.218291","192.168.88.128","192.168.88.1","TPKT","107","128","3389","33611","Continuation"
"182","12.218346","192.168.88.128","192.168.88.1","TPKT","107","128","3389","33611","Continuation"
"183","12.218400","192.168.88.128","192.168.88.1","TPKT","107","128","3389","33611","Continuation"
"184","12.218455","192.168.88.128","192.168.88.1","TPKT","107","128","3389","33611","Continuation"
"185","12.218522","192.168.88.1","192.168.88.128","TCP","54","128","33611","3389","33611  >  3389 [ACK] Seq=2969 Ack=19028 Win=130560 Len=0"
"186","12.218583","192.168.88.128","192.168.88.1","TPKT","107","128","3389","33611","Continuation"
"187","12.218642","192.168.88.128","192.168.88.1","TPKT","107","128","3389","33611","Continuation"
"188","12.218697","192.168.88.128","192.168.88.1","TPKT","107","128","3389","33611","Continuation"
"189","12.218752","192.168.88.128","192.168.88.1","TPKT","107","128","3389","33611","Continuation"
"190","12.218806","192.168.88.128","192.168.88.1","TPKT","107","128","3389","33611","Continuation"
"191","12.218872","192.168.88.1","192.168.88.128","TCP","54","128","33611","3389","33611  >  3389 [ACK] Seq=2969 Ack=19293 Win=130304 Len=0"
"192","12.218937","192.168.88.128","192.168.88.1","TPKT","107","128","3389","33611","Continuation"
"193","12.218995","192.168.88.128","192.168.88.1","TPKT","107","128","3389","33611","Continuation"
"194","12.219050","192.168.88.128","192.168.88.1","TPKT","107","128","3389","33611","Continuation"
"195","12.219104","192.168.88.128","192.168.88.1","TPKT","107","128","3389","33611","Continuation"
"196","12.219173","192.168.88.1","192.168.88.128","TCP","54","128","33611","3389","33611  >  3389 [ACK] Seq=2969 Ack=19505 Win=130048 Len=0"
"197","12.219308","192.168.88.128","192.168.88.1","TPKT","107","128","3389","33611","Continuation"
"198","12.219389","192.168.88.128","192.168.88.1","TPKT","107","128","3389","33611","Continuation"
"199","12.219450","192.168.88.128","192.168.88.1","TPKT","107","128","3389","33611","Continuation"
"200","12.219506","192.168.88.128","192.168.88.1","TPKT","107","128","3389","33611","Continuation"
"201","12.219561","192.168.88.128","192.168.88.1","TPKT","107","128","3389","33611","Continuation"
"202","12.219640","192.168.88.1","192.168.88.128","TCP","54","128","33611","3389","33611  >  3389 [ACK] Seq=2969 Ack=19770 Win=131328 Len=0"
"203","12.219704","192.168.88.128","192.168.88.1","TPKT","107","128","3389","33611","Continuation"
"204","12.219763","192.168.88.128","192.168.88.1","TPKT","107","128","3389","33611","Continuation"
"205","12.219819","192.168.88.128","192.168.88.1","TPKT","107","128","3389","33611","Continuation"
"206","12.219874","192.168.88.128","192.168.88.1","TPKT","107","128","3389","33611","Continuation"
"207","12.219928","192.168.88.128","192.168.88.1","TPKT","107","128","3389","33611","Continuation"
"208","12.220000","192.168.88.1","192.168.88.128","TCP","54","128","33611","3389","33611  >  3389 [ACK] Seq=2969 Ack=20035 Win=131072 Len=0"
"209","12.220068","192.168.88.128","192.168.88.1","TPKT","107","128","3389","33611","Continuation"
"210","12.220126","192.168.88.128","192.168.88.1","TPKT","107","128","3389","33611","Continuation"
"211","12.220146","192.168.88.1","192.168.88.128","TCP","54","128","33611","3389","33611  >  3389 [ACK] Seq=2969 Ack=20141 Win=130816 Len=0"
"212","12.220219","192.168.88.128","192.168.88.1","TPKT","107","128","3389","33611","Continuation"
"213","12.220275","192.168.88.128","192.168.88.1","TPKT","107","128","3389","33611","Continuation"
"214","12.220330","192.168.88.128","192.168.88.1","TPKT","107","128","3389","33611","Continuation"
"215","12.220384","192.168.88.128","192.168.88.1","TPKT","107","128","3389","33611","Continuation"
"216","12.220439","192.168.88.128","192.168.88.1","TPKT","107","128","3389","33611","Continuation"
"217","12.220506","192.168.88.1","192.168.88.128","TCP","54","128","33611","3389","33611  >  3389 [ACK] Seq=2969 Ack=20406 Win=130560 Len=0"
"218","12.220571","192.168.88.128","192.168.88.1","TPKT","107","128","3389","33611","Continuation"
"219","12.220630","192.168.88.128","192.168.88.1","TPKT","107","128","3389","33611","Continuation"
"220","12.220685","192.168.88.128","192.168.88.1","TPKT","107","128","3389","33611","Continuation"
"221","12.220740","192.168.88.128","192.168.88.1","TPKT","107","128","3389","33611","Continuation"
"222","12.220794","192.168.88.128","192.168.88.1","TPKT","107","128","3389","33611","Continuation"
"223","12.220863","192.168.88.1","192.168.88.128","TCP","54","128","33611","3389","33611  >  3389 [ACK] Seq=2969 Ack=20671 Win=130304 Len=0"
"224","12.220924","192.168.88.128","192.168.88.1","TPKT","107","128","3389","33611","Continuation"
"225","12.220982","192.168.88.128","192.168.88.1","TPKT","107","128","3389","33611","Continuation"
"226","12.221037","192.168.88.128","192.168.88.1","TPKT","107","128","3389","33611","Continuation"
"227","12.221117","192.168.88.128","192.168.88.1","TPKT","107","128","3389","33611","Continuation"
"228","12.221122","192.168.88.128","192.168.88.1","TPKT","107","128","3389","33611","Continuation"
"229","12.221165","192.168.88.1","192.168.88.128","TCP","54","128","33611","3389","33611  >  3389 [ACK] Seq=2969 Ack=20936 Win=130048 Len=0"
"230","12.221256","192.168.88.128","192.168.88.1","TPKT","107","128","3389","33611","Continuation"
"231","12.221261","192.168.88.128","192.168.88.1","TPKT","107","128","3389","33611","Continuation"
"232","12.221339","192.168.88.128","192.168.88.1","TPKT","107","128","3389","33611","Continuation"
"233","12.221344","192.168.88.128","192.168.88.1","TPKT","107","128","3389","33611","Continuation"
"234","12.221438","192.168.88.1","192.168.88.128","TCP","54","128","33611","3389","33611  >  3389 [ACK] Seq=2969 Ack=21148 Win=129792 Len=0"
"235","12.221499","192.168.88.128","192.168.88.1","TPKT","107","128","3389","33611","Continuation"
"236","12.221505","192.168.88.128","192.168.88.1","TPKT","107","128","3389","33611","Continuation"
"237","12.221585","192.168.88.128","192.168.88.1","TPKT","107","128","3389","33611","Continuation"
"238","12.221590","192.168.88.128","192.168.88.1","TPKT","107","128","3389","33611","Continuation"
"239","12.221685","192.168.88.1","192.168.88.128","TCP","54","128","33611","3389","33611  >  3389 [ACK] Seq=2969 Ack=21360 Win=131328 Len=0"
"240","12.221745","192.168.88.128","192.168.88.1","TPKT","107","128","3389","33611","Continuation"
"241","12.221751","192.168.88.128","192.168.88.1","TPKT","107","128","3389","33611","Continuation"
"242","12.221831","192.168.88.128","192.168.88.1","TPKT","107","128","3389","33611","Continuation"
"243","12.221836","192.168.88.128","192.168.88.1","TPKT","107","128","3389","33611","Continuation"
"244","12.221932","192.168.88.1","192.168.88.128","TCP","54","128","33611","3389","33611  >  3389 [ACK] Seq=2969 Ack=21572 Win=131072 Len=0"
"245","12.221993","192.168.88.128","192.168.88.1","TPKT","107","128","3389","33611","Continuation"
"246","12.221999","192.168.88.128","192.168.88.1","TPKT","107","128","3389","33611","Continuation"
"247","12.222079","192.168.88.128","192.168.88.1","TPKT","107","128","3389","33611","Continuation"
"248","12.222084","192.168.88.128","192.168.88.1","TPKT","107","128","3389","33611","Continuation"
"249","12.222163","192.168.88.1","192.168.88.128","TCP","54","128","33611","3389","33611  >  3389 [ACK] Seq=2969 Ack=21784 Win=130816 Len=0"
"250","12.222230","192.168.88.128","192.168.88.1","TPKT","107","128","3389","33611","Continuation"
"251","12.222235","192.168.88.128","192.168.88.1","TPKT","107","128","3389","33611","Continuation"
"252","12.222313","192.168.88.128","192.168.88.1","TPKT","107","128","3389","33611","Continuation"
"253","12.222318","192.168.88.128","192.168.88.1","TPKT","107","128","3389","33611","Continuation"
"254","12.222410","192.168.88.1","192.168.88.128","TCP","54","128","33611","3389","33611  >  3389 [ACK] Seq=2969 Ack=21996 Win=130560 Len=0"
"255","12.222471","192.168.88.128","192.168.88.1","TPKT","107","128","3389","33611","Continuation"
"256","12.222477","192.168.88.128","192.168.88.1","TPKT","107","128","3389","33611","Continuation"
"257","12.222556","192.168.88.128","192.168.88.1","TPKT","107","128","3389","33611","Continuation"
"258","12.222561","192.168.88.128","192.168.88.1","TPKT","107","128","3389","33611","Continuation"
"259","12.222655","192.168.88.1","192.168.88.128","TCP","54","128","33611","3389","33611  >  3389 [ACK] Seq=2969 Ack=22208 Win=130304 Len=0"
"260","12.222717","192.168.88.128","192.168.88.1","TPKT","123","128","3389","33611","Continuation"
"261","12.222724","192.168.88.128","192.168.88.1","TPKT","107","128","3389","33611","Continuation"
"262","12.222804","192.168.88.128","192.168.88.1","TPKT","107","128","3389","33611","Continuation"
"263","12.222809","192.168.88.128","192.168.88.1","TPKT","107","128","3389","33611","Continuation"
"264","12.222901","192.168.88.1","192.168.88.128","TCP","54","128","33611","3389","33611  >  3389 [ACK] Seq=2969 Ack=22436 Win=130304 Len=0"
"265","12.222970","192.168.88.128","192.168.88.1","TPKT","107","128","3389","33611","Continuation"
"266","12.222976","192.168.88.128","192.168.88.1","TPKT","107","128","3389","33611","Continuation"
"267","12.223056","192.168.88.128","192.168.88.1","TPKT","107","128","3389","33611","Continuation"
"268","12.223061","192.168.88.128","192.168.88.1","TPKT","107","128","3389","33611","Continuation"
"269","12.223158","192.168.88.1","192.168.88.128","TCP","54","128","33611","3389","33611  >  3389 [ACK] Seq=2969 Ack=22648 Win=130048 Len=0"
"270","12.223216","192.168.88.128","192.168.88.1","TPKT","107","128","3389","33611","Continuation"
"271","12.223221","192.168.88.128","192.168.88.1","TPKT","107","128","3389","33611","Continuation"
"272","12.223299","192.168.88.128","192.168.88.1","TPKT","107","128","3389","33611","Continuation"
"273","12.223303","192.168.88.128","192.168.88.1","TPKT","107","128","3389","33611","Continuation"
"274","12.223396","192.168.88.1","192.168.88.128","TCP","54","128","33611","3389","33611  >  3389 [ACK] Seq=2969 Ack=22860 Win=131328 Len=0"
"275","12.223458","192.168.88.128","192.168.88.1","TPKT","107","128","3389","33611","Continuation"
"276","12.223465","192.168.88.128","192.168.88.1","TPKT","107","128","3389","33611","Continuation"
"277","12.223791","192.168.88.128","192.168.88.1","TPKT","107","128","3389","33611","Continuation"
"278","12.223797","192.168.88.128","192.168.88.1","TPKT","107","128","3389","33611","Continuation"
"279","12.224153","192.168.88.1","192.168.88.128","TCP","54","128","33611","3389","33611  >  3389 [ACK] Seq=2969 Ack=23072 Win=131072 Len=0"
"280","12.224225","192.168.88.128","192.168.88.1","TPKT","107","128","3389","33611","Continuation"
"281","12.224232","192.168.88.128","192.168.88.1","TPKT","107","128","3389","33611","Continuation"
"282","12.224318","192.168.88.128","192.168.88.1","TPKT","107","128","3389","33611","Continuation"
"283","12.224324","192.168.88.128","192.168.88.1","TPKT","107","128","3389","33611","Continuation"
"284","12.224434","192.168.88.1","192.168.88.128","TCP","54","128","33611","3389","33611  >  3389 [ACK] Seq=2969 Ack=23284 Win=130816 Len=0"
"285","12.224507","192.168.88.128","192.168.88.1","TPKT","107","128","3389","33611","Continuation"
"286","12.224514","192.168.88.128","192.168.88.1","TPKT","107","128","3389","33611","Continuation"
"287","12.224597","192.168.88.128","192.168.88.1","TPKT","107","128","3389","33611","Continuation"
"288","12.224602","192.168.88.128","192.168.88.1","TPKT","107","128","3389","33611","Continuation"
"289","12.224704","192.168.88.1","192.168.88.128","TCP","54","128","33611","3389","33611  >  3389 [ACK] Seq=2969 Ack=23496 Win=130560 Len=0"
"290","12.224774","192.168.88.128","192.168.88.1","TPKT","107","128","3389","33611","Continuation"
"291","12.224781","192.168.88.128","192.168.88.1","TPKT","107","128","3389","33611","Continuation"
"292","12.224865","192.168.88.128","192.168.88.1","TPKT","107","128","3389","33611","Continuation"
"293","12.224870","192.168.88.128","192.168.88.1","TPKT","107","128","3389","33611","Continuation"
"294","12.224972","192.168.88.1","192.168.88.128","TCP","54","128","33611","3389","33611  >  3389 [ACK] Seq=2969 Ack=23708 Win=130304 Len=0"
"295","12.225035","192.168.88.128","192.168.88.1","TPKT","107","128","3389","33611","Continuation"
"296","12.225041","192.168.88.128","192.168.88.1","TPKT","107","128","3389","33611","Continuation"
"297","12.225123","192.168.88.128","192.168.88.1","TPKT","107","128","3389","33611","Continuation"
"298","12.225145","192.168.88.1","192.168.88.128","TCP","54","128","33611","3389","33611  >  3389 [ACK] Seq=2969 Ack=23867 Win=130304 Len=0"
"299","12.225157","192.168.88.128","192.168.88.1","TPKT","107","128","3389","33611","Continuation"
"300","12.225280","192.168.88.128","192.168.88.1","TPKT","107","128","3389","33611","Continuation"
"301","12.225285","192.168.88.128","192.168.88.1","TPKT","107","128","3389","33611","Continuation"
"302","12.225364","192.168.88.128","192.168.88.1","TPKT","107","128","3389","33611","Continuation"
"303","12.225370","192.168.88.128","192.168.88.1","TPKT","107","128","3389","33611","Continuation"
"304","12.225444","192.168.88.1","192.168.88.128","TCP","54","128","33611","3389","33611  >  3389 [ACK] Seq=2969 Ack=24132 Win=130048 Len=0"
"305","12.225530","192.168.88.128","192.168.88.1","TPKT","107","128","3389","33611","Continuation"
"306","12.225536","192.168.88.128","192.168.88.1","TPKT","107","128","3389","33611","Continuation"
"307","12.225616","192.168.88.128","192.168.88.1","TPKT","107","128","3389","33611","Continuation"
"308","12.225621","192.168.88.128","192.168.88.1","TPKT","107","128","3389","33611","Continuation"
"309","12.225714","192.168.88.1","192.168.88.128","TCP","54","128","33611","3389","33611  >  3389 [ACK] Seq=2969 Ack=24344 Win=131328 Len=0"
"310","12.225775","192.168.88.128","192.168.88.1","TPKT","107","128","3389","33611","Continuation"
"311","12.225781","192.168.88.128","192.168.88.1","TPKT","107","128","3389","33611","Continuation"
"312","12.225861","192.168.88.128","192.168.88.1","TPKT","107","128","3389","33611","Continuation"
"313","12.225866","192.168.88.128","192.168.88.1","TPKT","107","128","3389","33611","Continuation"
"314","12.225957","192.168.88.1","192.168.88.128","TCP","54","128","33611","3389","33611  >  3389 [ACK] Seq=2969 Ack=24556 Win=131072 Len=0"
"315","12.226019","192.168.88.128","192.168.88.1","TPKT","107","128","3389","33611","Continuation"
"316","12.226025","192.168.88.128","192.168.88.1","TPKT","107","128","3389","33611","Continuation"
"317","12.226104","192.168.88.128","192.168.88.1","TPKT","107","128","3389","33611","Continuation"
"318","12.226109","192.168.88.128","192.168.88.1","TPKT","107","128","3389","33611","Continuation"
"319","12.226153","192.168.88.1","192.168.88.128","TCP","54","128","33611","3389","33611  >  3389 [ACK] Seq=2969 Ack=24768 Win=130816 Len=0"
"320","12.226243","192.168.88.128","192.168.88.1","TPKT","107","128","3389","33611","Continuation"
"321","12.226249","192.168.88.128","192.168.88.1","TPKT","107","128","3389","33611","Continuation"
"322","12.226328","192.168.88.128","192.168.88.1","TPKT","107","128","3389","33611","Continuation"
"323","12.226333","192.168.88.128","192.168.88.1","TPKT","107","128","3389","33611","Continuation"
"324","12.226424","192.168.88.1","192.168.88.128","TCP","54","128","33611","3389","33611  >  3389 [ACK] Seq=2969 Ack=24980 Win=130560 Len=0"
"325","12.226486","192.168.88.128","192.168.88.1","TPKT","107","128","3389","33611","Continuation"
"326","12.226492","192.168.88.128","192.168.88.1","TPKT","107","128","3389","33611","Continuation"
"327","12.226571","192.168.88.128","192.168.88.1","TPKT","107","128","3389","33611","Continuation"
"328","12.226576","192.168.88.128","192.168.88.1","TPKT","107","128","3389","33611","Continuation"
"329","12.226670","192.168.88.1","192.168.88.128","TCP","54","128","33611","3389","33611  >  3389 [ACK] Seq=2969 Ack=25192 Win=130304 Len=0"
"330","12.226732","192.168.88.128","192.168.88.1","TPKT","107","128","3389","33611","Continuation"
"331","12.226738","192.168.88.128","192.168.88.1","TPKT","107","128","3389","33611","Continuation"
"332","12.226818","192.168.88.128","192.168.88.1","TPKT","107","128","3389","33611","Continuation"
"333","12.226823","192.168.88.128","192.168.88.1","TPKT","107","128","3389","33611","Continuation"
"334","12.226917","192.168.88.1","192.168.88.128","TCP","54","128","33611","3389","33611  >  3389 [ACK] Seq=2969 Ack=25404 Win=130304 Len=0"
"335","12.226978","192.168.88.128","192.168.88.1","TPKT","107","128","3389","33611","Continuation"
"336","12.226984","192.168.88.128","192.168.88.1","TPKT","107","128","3389","33611","Continuation"
"337","12.227064","192.168.88.128","192.168.88.1","TPKT","107","128","3389","33611","Continuation"
"338","12.227069","192.168.88.128","192.168.88.1","TPKT","107","128","3389","33611","Continuation"
"339","12.227158","192.168.88.1","192.168.88.128","TCP","54","128","33611","3389","33611  >  3389 [ACK] Seq=2969 Ack=25616 Win=130048 Len=0"
"340","12.227313","192.168.88.128","192.168.88.1","TPKT","107","128","3389","33611","Continuation"
"341","12.227319","192.168.88.128","192.168.88.1","TPKT","107","128","3389","33611","Continuation"
"342","12.227398","192.168.88.128","192.168.88.1","TPKT","107","128","3389","33611","Continuation"
"343","12.227403","192.168.88.128","192.168.88.1","TPKT","107","128","3389","33611","Continuation"
"344","12.227500","192.168.88.1","192.168.88.128","TCP","54","128","33611","3389","33611  >  3389 [ACK] Seq=2969 Ack=25828 Win=131328 Len=0"
"345","12.227561","192.168.88.128","192.168.88.1","TPKT","107","128","3389","33611","Continuation"
"346","12.227568","192.168.88.128","192.168.88.1","TPKT","107","128","3389","33611","Continuation"
"347","12.227686","192.168.88.128","192.168.88.1","TPKT","107","128","3389","33611","Continuation"
"348","12.227691","192.168.88.128","192.168.88.1","TPKT","107","128","3389","33611","Continuation"
"349","12.227790","192.168.88.1","192.168.88.128","TCP","54","128","33611","3389","33611  >  3389 [ACK] Seq=2969 Ack=26040 Win=131072 Len=0"
"350","12.227850","192.168.88.128","192.168.88.1","TPKT","107","128","3389","33611","Continuation"
"351","12.227857","192.168.88.128","192.168.88.1","TPKT","107","128","3389","33611","Continuation"
"352","12.227936","192.168.88.128","192.168.88.1","TPKT","107","128","3389","33611","Continuation"
"353","12.227941","192.168.88.128","192.168.88.1","TPKT","107","128","3389","33611","Continuation"
"354","12.228081","192.168.88.1","192.168.88.128","TCP","54","128","33611","3389","33611  >  3389 [ACK] Seq=2969 Ack=26252 Win=130816 Len=0"
"355","12.228157","192.168.88.128","192.168.88.1","TPKT","107","128","3389","33611","Continuation"
"356","12.228163","192.168.88.128","192.168.88.1","TPKT","107","128","3389","33611","Continuation"
"357","12.228244","192.168.88.128","192.168.88.1","TPKT","107","128","3389","33611","Continuation"
"358","12.228249","192.168.88.128","192.168.88.1","TPKT","107","128","3389","33611","Continuation"
"359","12.228345","192.168.88.1","192.168.88.128","TCP","54","128","33611","3389","33611  >  3389 [ACK] Seq=2969 Ack=26464 Win=130560 Len=0"
"360","12.228409","192.168.88.128","192.168.88.1","TPKT","107","128","3389","33611","Continuation"
"361","12.228415","192.168.88.128","192.168.88.1","TPKT","107","128","3389","33611","Continuation"
"362","12.228494","192.168.88.128","192.168.88.1","TPKT","107","128","3389","33611","Continuation"
"363","12.228500","192.168.88.128","192.168.88.1","TPKT","107","128","3389","33611","Continuation"
"364","12.228597","192.168.88.1","192.168.88.128","TCP","54","128","33611","3389","33611  >  3389 [ACK] Seq=2969 Ack=26676 Win=130304 Len=0"
"365","12.228658","192.168.88.128","192.168.88.1","TPKT","107","128","3389","33611","Continuation"
"366","12.228664","192.168.88.128","192.168.88.1","TPKT","107","128","3389","33611","Continuation"
"367","12.228744","192.168.88.128","192.168.88.1","TPKT","107","128","3389","33611","Continuation"
"368","12.228749","192.168.88.128","192.168.88.1","TPKT","107","128","3389","33611","Continuation"
"369","12.228844","192.168.88.1","192.168.88.128","TCP","54","128","33611","3389","33611  >  3389 [ACK] Seq=2969 Ack=26888 Win=130304 Len=0"
"370","12.228905","192.168.88.128","192.168.88.1","TPKT","107","128","3389","33611","Continuation"
"371","12.228911","192.168.88.128","192.168.88.1","TPKT","107","128","3389","33611","Continuation"
"372","12.228990","192.168.88.128","192.168.88.1","TPKT","107","128","3389","33611","Continuation"
"373","12.228995","192.168.88.128","192.168.88.1","TPKT","107","128","3389","33611","Continuation"
"374","12.229108","192.168.88.1","192.168.88.128","TCP","54","128","33611","3389","33611  >  3389 [ACK] Seq=2969 Ack=27100 Win=130048 Len=0"
"375","12.229173","192.168.88.128","192.168.88.1","TPKT","107","128","3389","33611","Continuation"
"376","12.229179","192.168.88.128","192.168.88.1","TPKT","107","128","3389","33611","Continuation"
"377","12.229258","192.168.88.128","192.168.88.1","TPKT","107","128","3389","33611","Continuation"
"378","12.229263","192.168.88.128","192.168.88.1","TPKT","107","128","3389","33611","Continuation"
"379","12.229360","192.168.88.1","192.168.88.128","TCP","54","128","33611","3389","33611  >  3389 [ACK] Seq=2969 Ack=27312 Win=131328 Len=0"
"380","12.229420","192.168.88.128","192.168.88.1","TPKT","107","128","3389","33611","Continuation"
"381","12.229427","192.168.88.128","192.168.88.1","TPKT","107","128","3389","33611","Continuation"
"382","12.229506","192.168.88.128","192.168.88.1","TPKT","107","128","3389","33611","Continuation"
"383","12.229511","192.168.88.128","192.168.88.1","TPKT","107","128","3389","33611","Continuation"
"384","12.229603","192.168.88.1","192.168.88.128","TCP","54","128","33611","3389","33611  >  3389 [ACK] Seq=2969 Ack=27524 Win=131072 Len=0"
"385","12.229663","192.168.88.128","192.168.88.1","TPKT","107","128","3389","33611","Continuation"
"386","12.229670","192.168.88.128","192.168.88.1","TPKT","107","128","3389","33611","Continuation"
"387","12.229749","192.168.88.128","192.168.88.1","TPKT","107","128","3389","33611","Continuation"
"388","12.229754","192.168.88.128","192.168.88.1","TPKT","107","128","3389","33611","Continuation"
"389","12.229845","192.168.88.1","192.168.88.128","TCP","54","128","33611","3389","33611  >  3389 [ACK] Seq=2969 Ack=27736 Win=130816 Len=0"
"390","12.229906","192.168.88.128","192.168.88.1","TPKT","107","128","3389","33611","Continuation"
"391","12.229912","192.168.88.128","192.168.88.1","TPKT","107","128","3389","33611","Continuation"
"392","12.229991","192.168.88.128","192.168.88.1","TPKT","107","128","3389","33611","Continuation"
"393","12.229996","192.168.88.128","192.168.88.1","TPKT","107","128","3389","33611","Continuation"
"394","12.230087","192.168.88.1","192.168.88.128","TCP","54","128","33611","3389","33611  >  3389 [ACK] Seq=2969 Ack=27948 Win=130560 Len=0"
"395","12.230166","192.168.88.128","192.168.88.1","TPKT","107","128","3389","33611","Continuation"
"396","12.230172","192.168.88.128","192.168.88.1","TPKT","107","128","3389","33611","Continuation"
"397","12.230252","192.168.88.128","192.168.88.1","TPKT","107","128","3389","33611","Continuation"
"398","12.230257","192.168.88.128","192.168.88.1","TPKT","107","128","3389","33611","Continuation"
"399","12.230349","192.168.88.1","192.168.88.128","TCP","54","128","33611","3389","33611  >  3389 [ACK] Seq=2969 Ack=28160 Win=130304 Len=0"
"400","12.230414","192.168.88.128","192.168.88.1","TPKT","107","128","3389","33611","Continuation"
"401","12.230420","192.168.88.128","192.168.88.1","TPKT","107","128","3389","33611","Continuation"
"402","12.230500","192.168.88.128","192.168.88.1","TPKT","107","128","3389","33611","Continuation"
"403","12.230505","192.168.88.128","192.168.88.1","TPKT","107","128","3389","33611","Continuation"
"404","12.230599","192.168.88.1","192.168.88.128","TCP","54","128","33611","3389","33611  >  3389 [ACK] Seq=2969 Ack=28372 Win=130304 Len=0"
"405","12.230660","192.168.88.128","192.168.88.1","TPKT","107","128","3389","33611","Continuation"
"406","12.230666","192.168.88.128","192.168.88.1","TPKT","107","128","3389","33611","Continuation"
"407","12.230747","192.168.88.128","192.168.88.1","TPKT","107","128","3389","33611","Continuation"
"408","12.230751","192.168.88.128","192.168.88.1","TPKT","107","128","3389","33611","Continuation"
"409","12.230845","192.168.88.1","192.168.88.128","TCP","54","128","33611","3389","33611  >  3389 [ACK] Seq=2969 Ack=28584 Win=130048 Len=0"
"410","12.230908","192.168.88.128","192.168.88.1","TPKT","107","128","3389","33611","Continuation"
"411","12.230914","192.168.88.128","192.168.88.1","TPKT","107","128","3389","33611","Continuation"
"412","12.230992","192.168.88.128","192.168.88.1","TPKT","107","128","3389","33611","Continuation"
"413","12.230997","192.168.88.128","192.168.88.1","TPKT","107","128","3389","33611","Continuation"
"414","12.231092","192.168.88.1","192.168.88.128","TCP","54","128","33611","3389","33611  >  3389 [ACK] Seq=2969 Ack=28796 Win=131328 Len=0"
"415","12.231166","192.168.88.128","192.168.88.1","TPKT","107","128","3389","33611","Continuation"
"416","12.231172","192.168.88.128","192.168.88.1","TPKT","107","128","3389","33611","Continuation"
"417","12.231252","192.168.88.128","192.168.88.1","TPKT","107","128","3389","33611","Continuation"
"418","12.231257","192.168.88.128","192.168.88.1","TPKT","107","128","3389","33611","Continuation"
"419","12.231350","192.168.88.1","192.168.88.128","TCP","54","128","33611","3389","33611  >  3389 [ACK] Seq=2969 Ack=29008 Win=131072 Len=0"
"420","12.231423","192.168.88.128","192.168.88.1","TPKT","107","128","3389","33611","Continuation"
"421","12.231429","192.168.88.128","192.168.88.1","TPKT","107","128","3389","33611","Continuation"
"422","12.231509","192.168.88.128","192.168.88.1","TPKT","107","128","3389","33611","Continuation"
"423","12.231514","192.168.88.128","192.168.88.1","TPKT","107","128","3389","33611","Continuation"
"424","12.231609","192.168.88.1","192.168.88.128","TCP","54","128","33611","3389","33611  >  3389 [ACK] Seq=2969 Ack=29220 Win=130816 Len=0"
"425","12.231669","192.168.88.128","192.168.88.1","TPKT","107","128","3389","33611","Continuation"
"426","12.231676","192.168.88.128","192.168.88.1","TPKT","107","128","3389","33611","Continuation"
"427","12.231755","192.168.88.128","192.168.88.1","TPKT","107","128","3389","33611","Continuation"
"428","12.231760","192.168.88.128","192.168.88.1","TPKT","107","128","3389","33611","Continuation"
"429","12.231870","192.168.88.1","192.168.88.128","TCP","54","128","33611","3389","33611  >  3389 [ACK] Seq=2969 Ack=29432 Win=130560 Len=0"
"430","12.231932","192.168.88.128","192.168.88.1","TPKT","107","128","3389","33611","Continuation"
"431","12.231938","192.168.88.128","192.168.88.1","TPKT","107","128","3389","33611","Continuation"
"432","12.232141","192.168.88.1","192.168.88.128","TCP","54","128","33611","3389","33611  >  3389 [ACK] Seq=2969 Ack=29538 Win=130560 Len=0"
"433","12.234132","192.168.88.128","192.168.88.1","TPKT","107","128","3389","33611","Continuation"
"434","12.260057","192.168.88.128","192.168.88.1","TCP","1514","128","3389","33611","3389  >  33611 [ACK] Seq=29591 Ack=2969 Win=64512 Len=1460 [TCP segment of a reassembled PDU]"
"435","12.260069","192.168.88.128","192.168.88.1","TCP","1514","128","3389","33611","3389  >  33611 [ACK] Seq=31051 Ack=2969 Win=64512 Len=1460 [TCP segment of a reassembled PDU]"
"436","12.260076","192.168.88.128","192.168.88.1","TCP","1514","128","3389","33611","3389  >  33611 [ACK] Seq=32511 Ack=2969 Win=64512 Len=1460 [TCP segment of a reassembled PDU]"
"437","12.260082","192.168.88.128","192.168.88.1","TCP","1514","128","3389","33611","3389  >  33611 [ACK] Seq=33971 Ack=2969 Win=64512 Len=1460 [TCP segment of a reassembled PDU]"
"438","12.260088","192.168.88.128","192.168.88.1","TCP","1514","128","3389","33611","3389  >  33611 [ACK] Seq=35431 Ack=2969 Win=64512 Len=1460 [TCP segment of a reassembled PDU]"
"439","12.260097","192.168.88.128","192.168.88.1","TCP","1514","128","3389","33611","3389  >  33611 [ACK] Seq=36891 Ack=2969 Win=64512 Len=1460 [TCP segment of a reassembled PDU]"
"440","12.260106","192.168.88.128","192.168.88.1","TCP","1514","128","3389","33611","3389  >  33611 [ACK] Seq=38351 Ack=2969 Win=64512 Len=1460 [TCP segment of a reassembled PDU]"
"441","12.260114","192.168.88.128","192.168.88.1","TCP","1514","128","3389","33611","3389  >  33611 [ACK] Seq=39811 Ack=2969 Win=64512 Len=1460 [TCP segment of a reassembled PDU]"
"442","12.260122","192.168.88.128","192.168.88.1","TCP","1514","128","3389","33611","3389  >  33611 [ACK] Seq=41271 Ack=2969 Win=64512 Len=1460 [TCP segment of a reassembled PDU]"
"443","12.260130","192.168.88.128","192.168.88.1","TPKT","455","128","3389","33611","Continuation"
"444","12.261298","192.168.88.1","192.168.88.128","TCP","54","128","33611","3389","33611  >  3389 [ACK] Seq=2969 Ack=43132 Win=131328 Len=0"
"445","12.271279","192.168.88.128","192.168.88.1","RDP","123","128","3389","33611","Virtual Channel PDU"
"446","12.271580","192.168.88.1","192.168.88.128","TCP","54","128","33611","3389","33611  >  3389 [ACK] Seq=2969 Ack=43201 Win=131328 Len=0"
"447","12.271692","192.168.88.1","192.168.88.128","RDP","123","128","33611","3389","Virtual Channel PDU"
"448","12.271734","192.168.88.1","192.168.88.128","RDP","139","128","33611","3389","Virtual Channel PDU"
"449","12.272484","192.168.88.128","192.168.88.1","TCP","54","128","3389","33611","3389  >  33611 [ACK] Seq=43201 Ack=3123 Win=64256 Len=0"
"450","12.272494","192.168.88.128","192.168.88.1","RDP","155","128","3389","33611","Virtual Channel PDU"
"451","12.274435","192.168.88.128","192.168.88.1","RDP","123","128","3389","33611","Virtual Channel PDU"
"452","12.274543","192.168.88.1","192.168.88.128","TCP","54","128","33611","3389","33611  >  3389 [ACK] Seq=3123 Ack=43371 Win=131072 Len=0"
"453","12.274667","192.168.88.1","192.168.88.128","RDP","155","128","33611","3389","Virtual Channel PDU"
"454","12.275709","192.168.88.1","192.168.88.128","RDP","139","128","33611","3389","Virtual Channel PDU"
"455","12.275958","192.168.88.128","192.168.88.1","TCP","54","128","3389","33611","3389  >  33611 [ACK] Seq=43371 Ack=3309 Win=65536 Len=0"
"456","12.275978","192.168.88.128","192.168.88.1","RDP","123","128","3389","33611","Virtual Channel PDU"
"457","12.329548","192.168.88.1","192.168.88.128","TCP","54","128","33611","3389","33611  >  3389 [ACK] Seq=3309 Ack=43440 Win=131072 Len=0"
"458","12.367922","192.168.88.128","192.168.88.1","TCP","1514","128","3389","33611","3389  >  33611 [ACK] Seq=43440 Ack=3309 Win=65536 Len=1460 [TCP segment of a reassembled PDU]"
"459","12.367936","192.168.88.128","192.168.88.1","TCP","1514","128","3389","33611","3389  >  33611 [ACK] Seq=44900 Ack=3309 Win=65536 Len=1460 [TCP segment of a reassembled PDU]"
"460","12.367943","192.168.88.128","192.168.88.1","TCP","1514","128","3389","33611","3389  >  33611 [ACK] Seq=46360 Ack=3309 Win=65536 Len=1460 [TCP segment of a reassembled PDU]"
"461","12.367949","192.168.88.128","192.168.88.1","TCP","1514","128","3389","33611","3389  >  33611 [ACK] Seq=47820 Ack=3309 Win=65536 Len=1460 [TCP segment of a reassembled PDU]"
"462","12.367955","192.168.88.128","192.168.88.1","TCP","1514","128","3389","33611","3389  >  33611 [ACK] Seq=49280 Ack=3309 Win=65536 Len=1460 [TCP segment of a reassembled PDU]"
"463","12.367961","192.168.88.128","192.168.88.1","TPKT","183","128","3389","33611","Continuation"
"464","12.369073","192.168.88.1","192.168.88.128","TCP","54","128","33611","3389","33611  >  3389 [ACK] Seq=3309 Ack=50869 Win=131328 Len=0"
"465","12.441176","192.168.88.1","192.168.88.128","TPKT","91","128","33611","3389","Continuation"
"466","12.449269","192.168.88.128","192.168.88.1","TCP","1514","128","3389","33611","3389  >  33611 [ACK] Seq=50869 Ack=3346 Win=65536 Len=1460 [TCP segment of a reassembled PDU]"
"467","12.449296","192.168.88.128","192.168.88.1","TCP","1514","128","3389","33611","3389  >  33611 [ACK] Seq=52329 Ack=3346 Win=65536 Len=1460 [TCP segment of a reassembled PDU]"
"468","12.449383","192.168.88.1","192.168.88.128","TCP","54","128","33611","3389","33611  >  3389 [ACK] Seq=3346 Ack=53789 Win=131328 Len=0"
"469","12.449416","192.168.88.128","192.168.88.1","TCP","1514","128","3389","33611","3389  >  33611 [ACK] Seq=53789 Ack=3346 Win=65536 Len=1460 [TCP segment of a reassembled PDU]"
"470","12.449433","192.168.88.128","192.168.88.1","TCP","1514","128","3389","33611","3389  >  33611 [ACK] Seq=55249 Ack=3346 Win=65536 Len=1460 [TCP segment of a reassembled PDU]"
"471","12.449448","192.168.88.128","192.168.88.1","TCP","1514","128","3389","33611","3389  >  33611 [ACK] Seq=56709 Ack=3346 Win=65536 Len=1460 [TCP segment of a reassembled PDU]"
"472","12.449465","192.168.88.128","192.168.88.1","TCP","1514","128","3389","33611","3389  >  33611 [ACK] Seq=58169 Ack=3346 Win=65536 Len=1460 [TCP segment of a reassembled PDU]"
"473","12.449480","192.168.88.128","192.168.88.1","TCP","1514","128","3389","33611","3389  >  33611 [ACK] Seq=59629 Ack=3346 Win=65536 Len=1460 [TCP segment of a reassembled PDU]"
"474","12.449498","192.168.88.128","192.168.88.1","TCP","1514","128","3389","33611","3389  >  33611 [ACK] Seq=61089 Ack=3346 Win=65536 Len=1460 [TCP segment of a reassembled PDU]"
"475","12.449548","192.168.88.128","192.168.88.1","TCP","1514","128","3389","33611","3389  >  33611 [ACK] Seq=62549 Ack=3346 Win=65536 Len=1460 [TCP segment of a reassembled PDU]"
"476","12.449559","192.168.88.128","192.168.88.1","TCP","1514","128","3389","33611","3389  >  33611 [ACK] Seq=64009 Ack=3346 Win=65536 Len=1460 [TCP segment of a reassembled PDU]"
"477","12.449573","192.168.88.128","192.168.88.1","TPKT","259","128","3389","33611","Continuation"
"478","12.449763","192.168.88.128","192.168.88.1","TPKT","171","128","3389","33611","Continuation"
"479","12.449917","192.168.88.1","192.168.88.128","TCP","54","128","33611","3389","33611  >  3389 [ACK] Seq=3346 Ack=65791 Win=131328 Len=0"
"480","12.535873","192.168.88.1","192.168.88.128","TPKT","539","128","33611","3389","Continuation"
"481","12.635870","192.168.88.1","192.168.88.128","TPKT","795","128","33611","3389","Continuation"
"482","12.635995","192.168.88.128","192.168.88.1","TCP","54","128","3389","33611","3389  >  33611 [ACK] Seq=65791 Ack=4572 Win=64256 Len=0"
"483","12.737882","192.168.88.1","192.168.88.128","TPKT","747","128","33611","3389","Continuation"
"484","12.738030","192.168.88.128","192.168.88.1","TCP","54","128","3389","33611","3389  >  33611 [ACK] Seq=65791 Ack=5265 Win=65536 Len=0"
"485","12.848047","192.168.88.1","192.168.88.128","TPKT","555","128","33611","3389","Continuation"
"486","13.014813","192.168.88.1","192.168.88.128","TPKT","395","128","33611","3389","Continuation"
"487","13.015198","192.168.88.128","192.168.88.1","TCP","54","128","3389","33611","3389  >  33611 [ACK] Seq=65791 Ack=6107 Win=64768 Len=0"
"488","13.114444","192.168.88.1","192.168.88.128","TPKT","619","128","33611","3389","Continuation"
"489","13.222890","192.168.88.1","192.168.88.128","TPKT","795","128","33611","3389","Continuation"
"490","13.223067","192.168.88.128","192.168.88.1","TCP","54","128","3389","33611","3389  >  33611 [ACK] Seq=65791 Ack=7413 Win=65280 Len=0"
"491","13.332904","192.168.88.1","192.168.88.128","TPKT","475","128","33611","3389","Continuation"
"492","13.443057","192.168.88.1","192.168.88.128","TPKT","379","128","33611","3389","Continuation"
"493","13.443219","192.168.88.128","192.168.88.1","TCP","54","128","3389","33611","3389  >  33611 [ACK] Seq=65791 Ack=8159 Win=64512 Len=0"
"494","13.572545","192.168.88.1","192.168.88.128","TPKT","315","128","33611","3389","Continuation"
"495","13.587820","192.168.88.128","192.168.88.1","TCP","1514","128","3389","33611","3389  >  33611 [ACK] Seq=65791 Ack=8420 Win=64256 Len=1460 [TCP segment of a reassembled PDU]"
"496","13.587856","192.168.88.128","192.168.88.1","TCP","1514","128","3389","33611","3389  >  33611 [ACK] Seq=67251 Ack=8420 Win=64256 Len=1460 [TCP segment of a reassembled PDU]"
"497","13.587881","192.168.88.128","192.168.88.1","TPKT","1299","128","3389","33611","Continuation"
"498","13.588266","192.168.88.1","192.168.88.128","TCP","54","128","33611","3389","33611  >  3389 [ACK] Seq=8420 Ack=69956 Win=131328 Len=0"
"499","13.635018","192.168.88.1","192.168.88.128","TPKT","91","128","33611","3389","Continuation"
"500","13.652719","192.168.88.128","192.168.88.1","TCP","1514","128","3389","33611","3389  >  33611 [ACK] Seq=69956 Ack=8457 Win=64256 Len=1460 [TCP segment of a reassembled PDU]"
"501","13.652735","192.168.88.128","192.168.88.1","TCP","1514","128","3389","33611","3389  >  33611 [ACK] Seq=71416 Ack=8457 Win=64256 Len=1460 [TCP segment of a reassembled PDU]"
"502","13.652741","192.168.88.128","192.168.88.1","TCP","1514","128","3389","33611","3389  >  33611 [ACK] Seq=72876 Ack=8457 Win=64256 Len=1460 [TCP segment of a reassembled PDU]"
"503","13.652747","192.168.88.128","192.168.88.1","TCP","1514","128","3389","33611","3389  >  33611 [ACK] Seq=74336 Ack=8457 Win=64256 Len=1460 [TCP segment of a reassembled PDU]"
"504","13.652757","192.168.88.128","192.168.88.1","TPKT","1387","128","3389","33611","Continuation"
"505","13.652972","192.168.88.128","192.168.88.1","TCP","1514","128","3389","33611","3389  >  33611 [ACK] Seq=77129 Ack=8457 Win=64256 Len=1460 [TCP segment of a reassembled PDU]"
"506","13.652981","192.168.88.128","192.168.88.1","TCP","1514","128","3389","33611","3389  >  33611 [ACK] Seq=78589 Ack=8457 Win=64256 Len=1460 [TCP segment of a reassembled PDU]"
"507","13.652991","192.168.88.128","192.168.88.1","TCP","1514","128","3389","33611","3389  >  33611 [ACK] Seq=80049 Ack=8457 Win=64256 Len=1460 [TCP segment of a reassembled PDU]"
"508","13.653000","192.168.88.128","192.168.88.1","TCP","1514","128","3389","33611","3389  >  33611 [ACK] Seq=81509 Ack=8457 Win=64256 Len=1460 [TCP segment of a reassembled PDU]"
"509","13.653009","192.168.88.128","192.168.88.1","TCP","1514","128","3389","33611","3389  >  33611 [ACK] Seq=82969 Ack=8457 Win=64256 Len=1460 [TCP segment of a reassembled PDU]"
"510","13.653020","192.168.88.128","192.168.88.1","TPKT","935","128","3389","33611","Continuation"
"511","13.653272","192.168.88.128","192.168.88.1","TCP","1514","128","3389","33611","3389  >  33611 [ACK] Seq=85310 Ack=8457 Win=64256 Len=1460 [TCP segment of a reassembled PDU]"
"512","13.653281","192.168.88.128","192.168.88.1","TCP","1514","128","3389","33611","3389  >  33611 [ACK] Seq=86770 Ack=8457 Win=64256 Len=1460 [TCP segment of a reassembled PDU]"
"513","13.653289","192.168.88.128","192.168.88.1","TCP","1514","128","3389","33611","3389  >  33611 [ACK] Seq=88230 Ack=8457 Win=64256 Len=1460 [TCP segment of a reassembled PDU]"
"514","13.653298","192.168.88.128","192.168.88.1","TCP","1514","128","3389","33611","3389  >  33611 [ACK] Seq=89690 Ack=8457 Win=64256 Len=1460 [TCP segment of a reassembled PDU]"
"515","13.653306","192.168.88.128","192.168.88.1","TCP","1514","128","3389","33611","3389  >  33611 [ACK] Seq=91150 Ack=8457 Win=64256 Len=1460 [TCP segment of a reassembled PDU]"
"516","13.653338","192.168.88.128","192.168.88.1","TCP","1514","128","3389","33611","3389  >  33611 [ACK] Seq=92610 Ack=8457 Win=64256 Len=1460 [TCP segment of a reassembled PDU]"
"517","13.653346","192.168.88.128","192.168.88.1","TCP","1514","128","3389","33611","3389  >  33611 [ACK] Seq=94070 Ack=8457 Win=64256 Len=1460 [TCP segment of a reassembled PDU]"
"518","13.653353","192.168.88.128","192.168.88.1","TPKT","575","128","3389","33611","Continuation"
"519","13.654725","192.168.88.128","192.168.88.1","TCP","1514","128","3389","33611","3389  >  33611 [ACK] Seq=96051 Ack=8457 Win=64256 Len=1460 [TCP segment of a reassembled PDU]"
"520","13.654735","192.168.88.128","192.168.88.1","TCP","1514","128","3389","33611","3389  >  33611 [ACK] Seq=97511 Ack=8457 Win=64256 Len=1460 [TCP segment of a reassembled PDU]"
"521","13.654743","192.168.88.128","192.168.88.1","TCP","1514","128","3389","33611","3389  >  33611 [ACK] Seq=98971 Ack=8457 Win=64256 Len=1460 [TCP segment of a reassembled PDU]"
"522","13.654752","192.168.88.128","192.168.88.1","TCP","1514","128","3389","33611","3389  >  33611 [ACK] Seq=100431 Ack=8457 Win=64256 Len=1460 [TCP segment of a reassembled PDU]"
"523","13.654761","192.168.88.128","192.168.88.1","TCP","1514","128","3389","33611","3389  >  33611 [ACK] Seq=101891 Ack=8457 Win=64256 Len=1460 [TCP segment of a reassembled PDU]"
"524","13.654769","192.168.88.128","192.168.88.1","TCP","1514","128","3389","33611","3389  >  33611 [ACK] Seq=103351 Ack=8457 Win=64256 Len=1460 [TCP segment of a reassembled PDU]"
"525","13.654777","192.168.88.128","192.168.88.1","TCP","1514","128","3389","33611","3389  >  33611 [ACK] Seq=104811 Ack=8457 Win=64256 Len=1460 [TCP segment of a reassembled PDU]"
"526","13.654786","192.168.88.128","192.168.88.1","TPKT","1151","128","3389","33611","Continuation"
"527","13.655095","192.168.88.128","192.168.88.1","TCP","1514","128","3389","33611","3389  >  33611 [ACK] Seq=107368 Ack=8457 Win=64256 Len=1460 [TCP segment of a reassembled PDU]"
"528","13.655103","192.168.88.128","192.168.88.1","TCP","1514","128","3389","33611","3389  >  33611 [ACK] Seq=108828 Ack=8457 Win=64256 Len=1460 [TCP segment of a reassembled PDU]"
"529","13.655111","192.168.88.128","192.168.88.1","TCP","1514","128","3389","33611","3389  >  33611 [ACK] Seq=110288 Ack=8457 Win=64256 Len=1460 [TCP segment of a reassembled PDU]"
"530","13.655118","192.168.88.128","192.168.88.1","TCP","1514","128","3389","33611","3389  >  33611 [ACK] Seq=111748 Ack=8457 Win=64256 Len=1460 [TCP segment of a reassembled PDU]"
"531","13.655125","192.168.88.128","192.168.88.1","TCP","1514","128","3389","33611","3389  >  33611 [ACK] Seq=113208 Ack=8457 Win=64256 Len=1460 [TCP segment of a reassembled PDU]"
"532","13.655133","192.168.88.128","192.168.88.1","TCP","1514","128","3389","33611","3389  >  33611 [ACK] Seq=114668 Ack=8457 Win=64256 Len=1460 [TCP segment of a reassembled PDU]"
"533","13.655140","192.168.88.128","192.168.88.1","TCP","1514","128","3389","33611","3389  >  33611 [ACK] Seq=116128 Ack=8457 Win=64256 Len=1460 [TCP segment of a reassembled PDU]"
"534","13.655147","192.168.88.128","192.168.88.1","TCP","1514","128","3389","33611","3389  >  33611 [ACK] Seq=117588 Ack=8457 Win=64256 Len=1460 [TCP segment of a reassembled PDU]"
"535","13.655155","192.168.88.128","192.168.88.1","TCP","1514","128","3389","33611","3389  >  33611 [ACK] Seq=119048 Ack=8457 Win=64256 Len=1460 [TCP segment of a reassembled PDU]"
"536","13.655162","192.168.88.128","192.168.88.1","TPKT","407","128","3389","33611","Continuation"
"537","13.655550","192.168.88.1","192.168.88.128","TCP","54","128","33611","3389","33611  >  3389 [ACK] Seq=8457 Ack=84429 Win=131328 Len=0"
"538","13.655593","192.168.88.1","192.168.88.128","TCP","54","128","33611","3389","33611  >  3389 [ACK] Seq=8457 Ack=97511 Win=131328 Len=0"
"539","13.655633","192.168.88.1","192.168.88.128","TCP","54","128","33611","3389","33611  >  3389 [ACK] Seq=8457 Ack=111748 Win=131328 Len=0"
"540","13.655671","192.168.88.1","192.168.88.128","TCP","54","128","33611","3389","33611  >  3389 [ACK] Seq=8457 Ack=120861 Win=131328 Len=0"
"541","13.655799","192.168.88.128","192.168.88.1","TCP","1514","128","3389","33611","3389  >  33611 [ACK] Seq=120861 Ack=8457 Win=64256 Len=1460 [TCP segment of a reassembled PDU]"
"542","13.655811","192.168.88.128","192.168.88.1","TCP","1514","128","3389","33611","3389  >  33611 [ACK] Seq=122321 Ack=8457 Win=64256 Len=1460 [TCP segment of a reassembled PDU]"
"543","13.655818","192.168.88.128","192.168.88.1","TPKT","1267","128","3389","33611","Continuation"
"544","13.656515","192.168.88.1","192.168.88.128","TCP","54","128","33611","3389","33611  >  3389 [ACK] Seq=8457 Ack=124994 Win=131328 Len=0"
"545","13.656812","192.168.88.128","192.168.88.1","TCP","1514","128","3389","33611","3389  >  33611 [ACK] Seq=124994 Ack=8457 Win=64256 Len=1460 [TCP segment of a reassembled PDU]"
"546","13.656820","192.168.88.128","192.168.88.1","TCP","1514","128","3389","33611","3389  >  33611 [ACK] Seq=126454 Ack=8457 Win=64256 Len=1460 [TCP segment of a reassembled PDU]"
"547","13.656825","192.168.88.128","192.168.88.1","TPKT","323","128","3389","33611","Continuation"
"548","13.657383","192.168.88.1","192.168.88.128","TCP","54","128","33611","3389","33611  >  3389 [ACK] Seq=8457 Ack=128183 Win=131328 Len=0"
"549","13.737842","192.168.88.1","192.168.88.128","TPKT","491","128","33611","3389","Continuation"
"550","13.739266","192.168.88.128","192.168.88.1","TCP","1514","128","3389","33611","3389  >  33611 [ACK] Seq=128183 Ack=8894 Win=65536 Len=1460 [TCP segment of a reassembled PDU]"
"551","13.739277","192.168.88.128","192.168.88.1","TCP","1514","128","3389","33611","3389  >  33611 [ACK] Seq=129643 Ack=8894 Win=65536 Len=1460 [TCP segment of a reassembled PDU]"
"552","13.739283","192.168.88.128","192.168.88.1","TPKT","947","128","3389","33611","Continuation"
"553","13.739376","192.168.88.128","192.168.88.1","TPKT","763","128","3389","33611","Continuation"
"554","13.739565","192.168.88.1","192.168.88.128","TCP","54","128","33611","3389","33611  >  3389 [ACK] Seq=8894 Ack=132705 Win=131328 Len=0"
"555","13.742949","192.168.88.128","192.168.88.1","TCP","1514","128","3389","33611","3389  >  33611 [ACK] Seq=132705 Ack=8894 Win=65536 Len=1460 [TCP segment of a reassembled PDU]"
"556","13.742962","192.168.88.128","192.168.88.1","TPKT","743","128","3389","33611","Continuation"
"557","13.743060","192.168.88.1","192.168.88.128","TCP","54","128","33611","3389","33611  >  3389 [ACK] Seq=8894 Ack=134854 Win=131328 Len=0"
"558","13.837864","192.168.88.1","192.168.88.128","TPKT","795","128","33611","3389","Continuation"
"559","13.838173","192.168.88.128","192.168.88.1","TPKT","91","128","3389","33611","Continuation"
"560","13.852094","192.168.88.128","192.168.88.1","TPKT","155","128","3389","33611","Continuation"
"561","13.852217","192.168.88.1","192.168.88.128","TCP","54","128","33611","3389","33611  >  3389 [ACK] Seq=9635 Ack=134992 Win=131072 Len=0"
"562","14.073877","192.168.88.1","192.168.88.128","TPKT","523","128","33611","3389","Continuation"
"563","14.268298","192.168.88.1","192.168.88.128","RDP","123","128","33611","3389","RDP PDU Type: Shutdown Request"
"564","14.268531","192.168.88.128","192.168.88.1","TCP","54","128","3389","33611","3389  >  33611 [ACK] Seq=134992 Ack=10173 Win=64256 Len=0"
"565","14.268598","192.168.88.128","192.168.88.1","TCP","54","128","3389","33611","3389  >  33611 [RST, ACK] Seq=134992 Ack=10173 Win=0 Len=0"
"566","18.594368","192.168.88.129","192.168.88.1","TCP","60","64","8888","31705","8888  >  31705 [PSH, ACK] Seq=1 Ack=1 Win=501 Len=2"
